<?xml version="1.0" encoding="UTF-8"?>
<!DOCTYPE mapper PUBLIC "-//mybatis.org//DTD Mapper 3.0//EN" "http://mybatis.org/dtd/mybatis-3-mapper.dtd">
<mapper namespace="com.icss.crm.workbench.mapper.ClueMapper">
  <resultMap id="BaseResultMap" type="com.icss.crm.workbench.domain.Clue">
    <!--
      WARNING - @mbggenerated
      This element is automatically generated by MyBatis Generator, do not modify.
      This element was generated on Mon Jul 14 13:41:51 CST 2025.
    -->
    <id column="id" jdbcType="CHAR" property="id" />
    <result column="fullname" jdbcType="VARCHAR" property="fullname" />
    <result column="appellation" jdbcType="VARCHAR" property="appellation" />
    <result column="owner" jdbcType="CHAR" property="owner" />
    <result column="company" jdbcType="VARCHAR" property="company" />
    <result column="job" jdbcType="VARCHAR" property="job" />
    <result column="email" jdbcType="VARCHAR" property="email" />
    <result column="phone" jdbcType="VARCHAR" property="phone" />
    <result column="website" jdbcType="VARCHAR" property="website" />
    <result column="mphone" jdbcType="VARCHAR" property="mphone" />
    <result column="state" jdbcType="VARCHAR" property="state" />
    <result column="source" jdbcType="VARCHAR" property="source" />
    <result column="create_by" jdbcType="VARCHAR" property="createBy" />
    <result column="create_time" jdbcType="CHAR" property="createTime" />
    <result column="edit_by" jdbcType="VARCHAR" property="editBy" />
    <result column="edit_time" jdbcType="CHAR" property="editTime" />
    <result column="description" jdbcType="VARCHAR" property="description" />
    <result column="contact_summary" jdbcType="VARCHAR" property="contactSummary" />
    <result column="next_contact_time" jdbcType="CHAR" property="nextContactTime" />
    <result column="address" jdbcType="VARCHAR" property="address" />
  </resultMap>
  <sql id="Base_Column_List">
    <!--
      WARNING - @mbggenerated
      This element is automatically generated by MyBatis Generator, do not modify.
      This element was generated on Mon Jul 14 13:41:51 CST 2025.
    -->
    id, fullname, appellation, owner, company, job, email, phone, website, mphone, state, 
    source, create_by, create_time, edit_by, edit_time, description, contact_summary, 
    next_contact_time, address
  </sql>
  <select id="selectByPrimaryKey" parameterType="java.lang.String" resultMap="BaseResultMap">
    <!--
      WARNING - @mbggenerated
      This element is automatically generated by MyBatis Generator, do not modify.
      This element was generated on Mon Jul 14 13:41:51 CST 2025.
    -->
    select 
    <include refid="Base_Column_List" />
    from tbl_clue
    where id = #{id,jdbcType=CHAR}
  </select>
  <delete id="deleteByPrimaryKey" parameterType="java.lang.String">
    <!--
      WARNING - @mbggenerated
      This element is automatically generated by MyBatis Generator, do not modify.
      This element was generated on Mon Jul 14 13:41:51 CST 2025.
    -->
    delete from tbl_clue
    where id = #{id,jdbcType=CHAR}
  </delete>
  <insert id="insert" parameterType="com.icss.crm.workbench.domain.Clue">
    <!--
      WARNING - @mbggenerated
      This element is automatically generated by MyBatis Generator, do not modify.
      This element was generated on Mon Jul 14 13:41:51 CST 2025.
    -->
    insert into tbl_clue (id, fullname, appellation, 
      owner, company, job, email, 
      phone, website, mphone, 
      state, source, create_by, 
      create_time, edit_by, edit_time, 
      description, contact_summary, next_contact_time, 
      address)
    values (#{id,jdbcType=CHAR}, #{fullname,jdbcType=VARCHAR}, #{appellation,jdbcType=VARCHAR}, 
      #{owner,jdbcType=CHAR}, #{company,jdbcType=VARCHAR}, #{job,jdbcType=VARCHAR}, #{email,jdbcType=VARCHAR}, 
      #{phone,jdbcType=VARCHAR}, #{website,jdbcType=VARCHAR}, #{mphone,jdbcType=VARCHAR}, 
      #{state,jdbcType=VARCHAR}, #{source,jdbcType=VARCHAR}, #{createBy,jdbcType=VARCHAR}, 
      #{createTime,jdbcType=CHAR}, #{editBy,jdbcType=VARCHAR}, #{editTime,jdbcType=CHAR}, 
      #{description,jdbcType=VARCHAR}, #{contactSummary,jdbcType=VARCHAR}, #{nextContactTime,jdbcType=CHAR}, 
      #{address,jdbcType=VARCHAR})
  </insert>
  <insert id="insertSelective" parameterType="com.icss.crm.workbench.domain.Clue">
    <!--
      WARNING - @mbggenerated
      This element is automatically generated by MyBatis Generator, do not modify.
      This element was generated on Mon Jul 14 13:41:51 CST 2025.
    -->
    insert into tbl_clue
    <trim prefix="(" suffix=")" suffixOverrides=",">
      <if test="id != null">
        id,
      </if>
      <if test="fullname != null">
        fullname,
      </if>
      <if test="appellation != null">
        appellation,
      </if>
      <if test="owner != null">
        owner,
      </if>
      <if test="company != null">
        company,
      </if>
      <if test="job != null">
        job,
      </if>
      <if test="email != null">
        email,
      </if>
      <if test="phone != null">
        phone,
      </if>
      <if test="website != null">
        website,
      </if>
      <if test="mphone != null">
        mphone,
      </if>
      <if test="state != null">
        state,
      </if>
      <if test="source != null">
        source,
      </if>
      <if test="createBy != null">
        create_by,
      </if>
      <if test="createTime != null">
        create_time,
      </if>
      <if test="editBy != null">
        edit_by,
      </if>
      <if test="editTime != null">
        edit_time,
      </if>
      <if test="description != null">
        description,
      </if>
      <if test="contactSummary != null">
        contact_summary,
      </if>
      <if test="nextContactTime != null">
        next_contact_time,
      </if>
      <if test="address != null">
        address,
      </if>
    </trim>
    <trim prefix="values (" suffix=")" suffixOverrides=",">
      <if test="id != null">
        #{id,jdbcType=CHAR},
      </if>
      <if test="fullname != null">
        #{fullname,jdbcType=VARCHAR},
      </if>
      <if test="appellation != null">
        #{appellation,jdbcType=VARCHAR},
      </if>
      <if test="owner != null">
        #{owner,jdbcType=CHAR},
      </if>
      <if test="company != null">
        #{company,jdbcType=VARCHAR},
      </if>
      <if test="job != null">
        #{job,jdbcType=VARCHAR},
      </if>
      <if test="email != null">
        #{email,jdbcType=VARCHAR},
      </if>
      <if test="phone != null">
        #{phone,jdbcType=VARCHAR},
      </if>
      <if test="website != null">
        #{website,jdbcType=VARCHAR},
      </if>
      <if test="mphone != null">
        #{mphone,jdbcType=VARCHAR},
      </if>
      <if test="state != null">
        #{state,jdbcType=VARCHAR},
      </if>
      <if test="source != null">
        #{source,jdbcType=VARCHAR},
      </if>
      <if test="createBy != null">
        #{createBy,jdbcType=VARCHAR},
      </if>
      <if test="createTime != null">
        #{createTime,jdbcType=CHAR},
      </if>
      <if test="editBy != null">
        #{editBy,jdbcType=VARCHAR},
      </if>
      <if test="editTime != null">
        #{editTime,jdbcType=CHAR},
      </if>
      <if test="description != null">
        #{description,jdbcType=VARCHAR},
      </if>
      <if test="contactSummary != null">
        #{contactSummary,jdbcType=VARCHAR},
      </if>
      <if test="nextContactTime != null">
        #{nextContactTime,jdbcType=CHAR},
      </if>
      <if test="address != null">
        #{address,jdbcType=VARCHAR},
      </if>
    </trim>
  </insert>
  <update id="updateByPrimaryKeySelective" parameterType="com.icss.crm.workbench.domain.Clue">
    <!--
      WARNING - @mbggenerated
      This element is automatically generated by MyBatis Generator, do not modify.
      This element was generated on Mon Jul 14 13:41:51 CST 2025.
    -->
    update tbl_clue
    <set>
      <if test="fullname != null">
        fullname = #{fullname,jdbcType=VARCHAR},
      </if>
      <if test="appellation != null">
        appellation = #{appellation,jdbcType=VARCHAR},
      </if>
      <if test="owner != null">
        owner = #{owner,jdbcType=CHAR},
      </if>
      <if test="company != null">
        company = #{company,jdbcType=VARCHAR},
      </if>
      <if test="job != null">
        job = #{job,jdbcType=VARCHAR},
      </if>
      <if test="email != null">
        email = #{email,jdbcType=VARCHAR},
      </if>
      <if test="phone != null">
        phone = #{phone,jdbcType=VARCHAR},
      </if>
      <if test="website != null">
        website = #{website,jdbcType=VARCHAR},
      </if>
      <if test="mphone != null">
        mphone = #{mphone,jdbcType=VARCHAR},
      </if>
      <if test="state != null">
        state = #{state,jdbcType=VARCHAR},
      </if>
      <if test="source != null">
        source = #{source,jdbcType=VARCHAR},
      </if>
      <if test="createBy != null">
        create_by = #{createBy,jdbcType=VARCHAR},
      </if>
      <if test="createTime != null">
        create_time = #{createTime,jdbcType=CHAR},
      </if>
      <if test="editBy != null">
        edit_by = #{editBy,jdbcType=VARCHAR},
      </if>
      <if test="editTime != null">
        edit_time = #{editTime,jdbcType=CHAR},
      </if>
      <if test="description != null">
        description = #{description,jdbcType=VARCHAR},
      </if>
      <if test="contactSummary != null">
        contact_summary = #{contactSummary,jdbcType=VARCHAR},
      </if>
      <if test="nextContactTime != null">
        next_contact_time = #{nextContactTime,jdbcType=CHAR},
      </if>
      <if test="address != null">
        address = #{address,jdbcType=VARCHAR},
      </if>
    </set>
    where id = #{id,jdbcType=CHAR}
  </update>
  <update id="updateByPrimaryKey" parameterType="com.icss.crm.workbench.domain.Clue">
    <!--
      WARNING - @mbggenerated
      This element is automatically generated by MyBatis Generator, do not modify.
      This element was generated on Mon Jul 14 13:41:51 CST 2025.
    -->
    update tbl_clue
    set fullname = #{fullname,jdbcType=VARCHAR},
      appellation = #{appellation,jdbcType=VARCHAR},
      owner = #{owner,jdbcType=CHAR},
      company = #{company,jdbcType=VARCHAR},
      job = #{job,jdbcType=VARCHAR},
      email = #{email,jdbcType=VARCHAR},
      phone = #{phone,jdbcType=VARCHAR},
      website = #{website,jdbcType=VARCHAR},
      mphone = #{mphone,jdbcType=VARCHAR},
      state = #{state,jdbcType=VARCHAR},
      source = #{source,jdbcType=VARCHAR},
      create_by = #{createBy,jdbcType=VARCHAR},
      create_time = #{createTime,jdbcType=CHAR},
      edit_by = #{editBy,jdbcType=VARCHAR},
      edit_time = #{editTime,jdbcType=CHAR},
      description = #{description,jdbcType=VARCHAR},
      contact_summary = #{contactSummary,jdbcType=VARCHAR},
      next_contact_time = #{nextContactTime,jdbcType=CHAR},
      address = #{address,jdbcType=VARCHAR}
    where id = #{id,jdbcType=CHAR}
  </update>

  <select id="selectAll" resultMap="BaseResultMap">
    select
    <include refid="Base_Column_List" />
    from tbl_clue
  </select>

  <select id="selectClueById" parameterType="String" resultType="com.icss.crm.workbench.domain.Clue">
    SELECT * FROM tbl_clue WHERE id = #{id}
  </select>

  <insert id="insertClue" parameterType="com.icss.crm.workbench.domain.Clue">
    insert into tbl_clue (
      id, fullname, appellation, owner, company, job, email,
      phone, website, mphone, state, source, description,
      contact_summary, next_contact_time, address, create_by, create_time
    )
    values (
             #{id}, #{fullname}, #{appellation}, #{owner}, #{company}, #{job}, #{email},
             #{phone}, #{website}, #{mphone}, #{state}, #{source}, #{description},
             #{contactSummary}, #{nextContactTime}, #{address}, #{createBy}, #{createTime}
           )
  </insert>

  <delete id="deleteClueByIds" parameterType="string">
    delete from tbl_clue where id in
    <foreach collection="array" item="id" separator="," open="(" close=")">
      #{id}
    </foreach>
  </delete>

  <update id="updateClue" parameterType="com.icss.crm.workbench.domain.Clue">
    update tbl_clue
    set fullname = #{fullname},
        appellation = #{appellation},
        owner = #{owner},
        company = #{company},
        job = #{job},
        phone = #{phone},
        mphone = #{mphone},
        email = #{email},
        state = #{state},
        source = #{source},
        description = #{description},
        contact_summary = #{contactSummary},
        next_contact_time = #{nextContactTime},
        address = #{address},
        edit_time = #{editTime},
        edit_by = #{editBy}
    where id = #{id}
  </update>

  <!-- 分页查询线索列表 -->
  <select id="selectClueByConditionForPage" parameterType="map" resultMap="BaseResultMap">
    select * from tbl_clue
    <where>
      <if test="fullname != null and fullname != ''">
        and fullname like concat('%', #{fullname}, '%')
      </if>
      <if test="company != null and company != ''">
        and company like concat('%', #{company}, '%')
      </if>
      <if test="phone != null and phone != ''">
        and phone like concat('%', #{phone}, '%')
      </if>
      <if test="source != null and source != ''">
        and source = #{source}
      </if>
    </where>
    order by create_time desc
    limit #{beginNo}, #{pageSize}
  </select>

  <!-- 查询符合条件的线索总数 -->
  <select id="selectCountOfClueByCondition" parameterType="map" resultType="int">
    select count(*) from tbl_clue
    <where>
      <if test="fullname != null and fullname != ''">
        and fullname like concat('%', #{fullname}, '%')
      </if>
      <if test="company != null and company != ''">
        and company like concat('%', #{company}, '%')
      </if>
      <if test="phone != null and phone != ''">
        and phone like concat('%', #{phone}, '%')
      </if>
      <if test="source != null and source != ''">
        and source = #{source}
      </if>
    </where>
  </select>
</mapper>